"id","sitzungen","remission"
1,36,1
2,24,1
3,36,1
4,23,1
5,26,1
6,2,0
7,34,1
8,31,1
9,11,1
10,3,0
11,22,0
12,28,1
13,13,0
14,9,0
15,24,0
16,5,0
17,37,1
18,22,1
19,5,0
20,18,0
21,40,1
22,3,1
23,6,0
24,25,1
25,10,0
26,33,1
27,32,1
28,17,1
29,2,0
30,29,0
31,29,1
32,15,0
33,27,1
34,8,0
35,30,1
36,12,0
37,16,1
38,34,1
39,13,1
40,2,0
41,29,1
42,27,0
43,1,0
44,19,1
45,27,0
46,1,0
47,31,1
48,7,0
49,28,1
50,27,0
51,16,0
52,29,1
53,26,0
54,36,1
55,13,1
56,33,1
57,12,0
58,5,0
59,35,1
60,15,0
61,23,1
62,20,1
63,29,1
64,14,0
65,33,1
66,13,0
67,20,1
68,3,0
69,23,1
70,5,0
71,11,1
72,25,1
73,14,0
74,9,0
75,10,0
76,8,0
77,18,1
78,37,1
79,39,1
80,14,0
81,22,1
82,35,1
83,35,1
84,7,0
85,28,1
86,3,0
87,31,1
88,13,0
89,31,0
90,10,0
91,29,1
92,7,0
93,25,1
94,28,0
95,4,0
96,15,0
97,23,0
98,7,0
99,7,0
100,31,1
101,34,1
102,4,0
103,37,1
104,20,0
105,28,1
106,28,1
107,24,1
108,7,0
109,13,0
110,16,0
111,19,0
112,4,0
113,15,0
114,29,1
115,16,1
116,22,0
117,24,1
118,6,0
119,16,0
120,25,0
121,30,1
122,28,1
123,37,1
124,6,0
125,7,0
126,13,0
127,12,0
128,5,0
129,27,1
130,24,1
131,35,1
132,23,0
133,33,1
134,26,1
135,24,1
136,27,1
137,26,1
138,30,1
139,24,1
140,2,0
141,19,0
142,3,0
143,12,1
144,11,0
145,28,1
146,36,1
147,22,1
148,15,0
149,5,1
150,24,0
151,2,0
152,23,1
153,3,0
154,37,1
155,18,0
156,3,0
157,13,0
158,37,1
159,22,1
160,26,0
161,1,0
162,4,0
163,3,0
164,21,1
165,9,1
166,17,0
167,11,0
168,18,1
169,35,1
170,23,1
171,26,1
172,20,1
173,31,1
174,3,0
175,33,1
176,30,1
177,27,0
178,12,1
179,1,0
180,34,0
181,27,0
182,8,0
183,33,1
184,38,1
185,30,0
186,25,1
187,24,1
188,27,0
189,39,1
190,36,1
191,40,1
192,21,1
193,19,1
194,26,1
195,21,0
196,7,0
197,32,1
198,23,1
199,11,0
200,33,1
